{
  "HP:0002813": 4.388967651095863,
  "HP:0031263": 9.652765993956185,
  "HP:0031264": 14.397905519568093,
  "HP:0002817": 4.928633719012032,
  "HP:0001732": 9.337700885362176,
  "HP:0010438": 8.535409043318026,
  "HP:0001733": 11.102449636041921,
  "HP:0000765": 6.5632908249338895,
  "HP:0010677": 14.397905519568093,
  "HP:0006280": 15.85733713820539,
  "HP:0020221": 11.74881268142722,
  "HP:0020219": 8.218901224214916,
  "HP:0001713": 7.980820191640389,
  "HP:0009121": 3.899328254548445,
  "HP:0011682": 13.102449636041921,
  "HP:0011442": 4.880952020316796,
  "HP:0040064": 3.689291869981299,
  "HP:0040068": 4.388840367577241,
  "HP:0002715": 4.5515603692955775,
  "HP:0001626": 4.021780130291917,
  "HP:0001627": 5.824946969338866,
  "HP:0003808": 5.4058684252580305,
  "HP:0001629": 8.57193491934314,
  "HP:0001743": 8.199125655453594,
  "HP:0001744": 8.504190312707305,
  "HP:0012647": 6.196449867902823,
  "HP:0012649": 6.198233174731727,
  "HP:0410042": 7.12771639465235,
  "HP:0012638": 2.5060527895302713,
  "HP:0100763": 7.471474737563928,
  "HP:0002093": 8.126018107180325,
  "HP:0000924": 2.668671029408404,
  "HP:0000805": 12.499785133587304,
  "HP:0032648": 17.85733713820539,
  "HP:0011804": 4.583832904243228,
  "HP:0010936": 7.431072383503291,
  "HP:0010935": 5.790911537569833,
  "HP:0002086": 5.123474418526846,
  "HP:0011842": 2.785958577748111,
  "HP:0007359": 8.911893301827478,
  "HP:0011844": 4.156572330107412,
  "HP:0030680": 5.052802735210164,
  "HP:0000707": 2.0637084295889876,
  "HP:0010978": 5.023458773628018,
  "HP:0001167": 6.011847087261014,
  "HP:0000077": 5.938101352177043,
  "HP:0002012": 5.977753888592605,
  "HP:0000079": 5.071476032445789,
  "HP:0001166": 10.473632845731338,
  "HP:0100807": 9.072702292647868,
  "HP:0002493": 6.470935714564611,
  "HP:0002266": 12.609409624761804,
  "HP:0002597": 5.248389323639875,
  "HP:0001155": 5.30298811614195,
  "HP:0001276": 6.649102779865601,
  "HP:0001392": 6.479042282293497,
  "HP:0002240": 8.10579307911629,
  "HP:0012091": 10.295094713984316,
  "HP:0003271": 7.444767291400179,
  "HP:0025031": 4.195002552464731,
  "HP:0003011": 3.9606263224792735,
  "HP:0000119": 4.263479199347165,
  "HP:0001324": 6.417506254223997,
  "HP:0012210": 6.658892096753026,
  "HP:0012575": 9.089152813428463,
  "HP:0025408": 8.28748152987444,
  "HP:0000009": 8.488830676697697,
  "HP:0001438": 7.250006824455778,
  "HP:0001671": 7.325955677689077,
  "HP:0001433": 10.553556390028286,
  "HP:0011297": 5.141589595374034,
  "HP:0033127": 2.1814076631185424,
  "HP:0004878": 15.535409043318026,
  "HP:0001257": 7.157764684918119,
  "HP:0001250": 5.729342817228995,
  "HP:0011153": 11.102449636041921,
  "HP:0011035": 9.422708910568664,
  "HP:0002795": 6.174781397125078,
  "HP:0000014": 8.253710793219197,
  "HP:0001238": 10.22071251766174
}